<?xml version="1.0" encoding="utf-8"?>
<resources>
    <string-array name="contextMenu">
        <item>Select</item>
        <item>Open</item>
        <item>Set as key file</item>
        <item>Unset as key file</item>
        <item>Rename</item>
        <item>Delete</item>
        <item>Secure erase</item>
        <item>Set as encryption directory</item>
        <item>Unset as encryption directory</item>
        <item>Set as decryption directory</item>
        <item>Unset as decryption directory</item>
    </string-array>
    <string-array name="listArray">
        <item>Deutsch</item>
        <item>English</item>
        <item>Español</item>
        <item>Français</item>
        <item>Italiano</item>
        <item>Polski</item>
        <item>Português, Brasil</item>
        <item>Slovenščina</item>
        <item>العربية</item>
        <item>한국어</item>
        <item>中文(繁體)</item>
        <item>中文(简体)</item>
        <item>日本語</item>
    </string-array>
    <string-array name="listValues">
        <item>de</item>
        <item>en</item>
        <item>es</item>
        <item>fr</item>
        <item>it</item>
        <item>pl</item>
        <item>pt_BR</item>
        <item>sl</item>
        <item>ar</item>
        <item>ko</item>
        <item>zh_TW</item>
        <item>zh_CN</item>
        <item>ja</item>
    </string-array>
</resources>
