<?xml version="1.0" encoding="utf-8"?>
<resources>
    <color name="black">#ff000000</color>
    <color name="common_action_bar_splitter">#ffd2d2d2</color>
    <color name="common_signin_btn_dark_text_default">@android:color/white</color>
    <color name="common_signin_btn_dark_text_disabled">#ffaaaaaa</color>
    <color name="common_signin_btn_dark_text_focused">@android:color/white</color>
    <color name="common_signin_btn_dark_text_pressed">@android:color/white</color>
    <color name="common_signin_btn_default_background">#ffdd4b39</color>
    <color name="common_signin_btn_light_text_default">#ff737373</color>
    <color name="common_signin_btn_light_text_disabled">#ffaaaaaa</color>
    <color name="common_signin_btn_light_text_focused">#ff737373</color>
    <color name="common_signin_btn_light_text_pressed">@android:color/white</color>
    <color name="dark_gray">#ff1f1f1f</color>
    <color name="gray">#ff5c5c5c</color>
    <color name="light_gray">#ff868686</color>
    <color name="red">#ffff0000</color>
    <color name="white">#ffffffff</color>
</resources>
