<?xml version="1.0" encoding="utf-8"?>
<resources>
    <item type="id" name="webView1">false</item>
    <item type="id" name="fileImage">false</item>
    <item type="id" name="fileName">false</item>
    <item type="id" name="fileDate">false</item>
    <item type="id" name="fileSize">false</item>
    <item type="id" name="adViewFileBrowser">false</item>
    <item type="id" name="textViewDirectoryPath">false</item>
    <item type="id" name="scrollView1">false</item>
    <item type="id" name="rgMode">false</item>
    <item type="id" name="rbEncrypt">false</item>
    <item type="id" name="rbDecrypt">false</item>
    <item type="id" name="adViewMain">false</item>
    <item type="id" name="TextOut">false</item>
    <item type="id" name="TextOutExtra">false</item>
    <item type="id" name="txtFileInputPath">false</item>
    <item type="id" name="btnDeleteFileInputPath">false</item>
    <item type="id" name="btnBrowseForFileDirectory">false</item>
    <item type="id" name="txtPassword">false</item>
    <item type="id" name="txtPasswordCheck">false</item>
    <item type="id" name="btnRun">false</item>
    <item type="id" name="txtRenameFilePath">false</item>
    <item type="id" name="btnShare">false</item>
    <item type="id" name="btnSettings">false</item>
    <item type="id" name="btnDonate">false</item>
    <item type="id" name="btnFeatures">false</item>
    <item type="id" name="btnAbout">false</item>
    <item type="id" name="btnExit">false</item>
    <item type="id" name="btnRefresh">false</item>
    <item type="id" name="btnSDCard">false</item>
    <item type="id" name="btnHome">false</item>
</resources>
