<?xml version="1.0" encoding="utf-8"?>
<resources>
    <public type="attr" name="adSize" id="0x7f010000" />
    <public type="attr" name="adSizes" id="0x7f010001" />
    <public type="attr" name="adUnitId" id="0x7f010002" />
    <public type="attr" name="imageAspectRatioAdjust" id="0x7f010003" />
    <public type="attr" name="imageAspectRatio" id="0x7f010004" />
    <public type="attr" name="circleCrop" id="0x7f010005" />
    <public type="drawable" name="common_signin_btn_icon_dark" id="0x7f02000a" />
    <public type="drawable" name="common_signin_btn_icon_light" id="0x7f020011" />
    <public type="drawable" name="common_signin_btn_text_dark" id="0x7f020016" />
    <public type="drawable" name="common_signin_btn_text_light" id="0x7f02001d" />
    <public type="drawable" name="common_full_open_on_phone" id="0x7f020008" />
    <public type="drawable" name="common_signin_btn_icon_disabled_dark" id="0x7f02000b" />
    <public type="drawable" name="common_signin_btn_icon_disabled_focus_dark" id="0x7f02000c" />
    <public type="drawable" name="common_signin_btn_icon_disabled_focus_light" id="0x7f02000d" />
    <public type="drawable" name="common_signin_btn_icon_disabled_light" id="0x7f02000e" />
    <public type="drawable" name="common_signin_btn_icon_focus_dark" id="0x7f02000f" />
    <public type="drawable" name="common_signin_btn_icon_focus_light" id="0x7f020010" />
    <public type="drawable" name="common_signin_btn_icon_normal_dark" id="0x7f020012" />
    <public type="drawable" name="common_signin_btn_icon_normal_light" id="0x7f020013" />
    <public type="drawable" name="common_signin_btn_icon_pressed_dark" id="0x7f020014" />
    <public type="drawable" name="common_signin_btn_icon_pressed_light" id="0x7f020015" />
    <public type="drawable" name="common_signin_btn_text_disabled_dark" id="0x7f020017" />
    <public type="drawable" name="common_signin_btn_text_disabled_focus_dark" id="0x7f020018" />
    <public type="drawable" name="common_signin_btn_text_disabled_focus_light" id="0x7f020019" />
    <public type="drawable" name="common_signin_btn_text_disabled_light" id="0x7f02001a" />
    <public type="drawable" name="common_signin_btn_text_focus_dark" id="0x7f02001b" />
    <public type="drawable" name="common_signin_btn_text_focus_light" id="0x7f02001c" />
    <public type="drawable" name="common_signin_btn_text_normal_dark" id="0x7f02001e" />
    <public type="drawable" name="common_signin_btn_text_normal_light" id="0x7f02001f" />
    <public type="drawable" name="common_signin_btn_text_pressed_dark" id="0x7f020020" />
    <public type="drawable" name="common_signin_btn_text_pressed_light" id="0x7f020021" />
    <public type="drawable" name="ic_plusone_medium_off_client" id="0x7f02002f" />
    <public type="drawable" name="ic_plusone_small_off_client" id="0x7f020030" />
    <public type="drawable" name="ic_plusone_standard_off_client" id="0x7f020031" />
    <public type="drawable" name="ic_plusone_tall_off_client" id="0x7f020032" />
    <public type="drawable" name="common_ic_googleplayservices" id="0x7f020009" />
    <public type="drawable" name="about" id="0x7f020000" />
    <public type="drawable" name="aes" id="0x7f020001" />
    <public type="drawable" name="apk" id="0x7f020002" />
    <public type="drawable" name="app_icon" id="0x7f020003" />
    <public type="drawable" name="archaive" id="0x7f020004" />
    <public type="drawable" name="black_button" id="0x7f020005" />
    <public type="drawable" name="browse" id="0x7f020006" />
    <public type="drawable" name="code" id="0x7f020007" />
    <public type="drawable" name="db" id="0x7f020022" />
    <public type="drawable" name="delete" id="0x7f020023" />
    <public type="drawable" name="doc" id="0x7f020024" />
    <public type="drawable" name="erase" id="0x7f020025" />
    <public type="drawable" name="exit" id="0x7f020026" />
    <public type="drawable" name="features" id="0x7f020027" />
    <public type="drawable" name="folder" id="0x7f020028" />
    <public type="drawable" name="folder_both" id="0x7f020029" />
    <public type="drawable" name="folder_dec" id="0x7f02002a" />
    <public type="drawable" name="folder_enc" id="0x7f02002b" />
    <public type="drawable" name="font" id="0x7f02002c" />
    <public type="drawable" name="hash" id="0x7f02002d" />
    <public type="drawable" name="home" id="0x7f02002e" />
    <public type="drawable" name="image" id="0x7f020033" />
    <public type="drawable" name="keyfile" id="0x7f020034" />
    <public type="drawable" name="music" id="0x7f020035" />
    <public type="drawable" name="oo" id="0x7f020036" />
    <public type="drawable" name="pdf" id="0x7f020037" />
    <public type="drawable" name="picture" id="0x7f020038" />
    <public type="drawable" name="ppt" id="0x7f020039" />
    <public type="drawable" name="refresh" id="0x7f02003a" />
    <public type="drawable" name="sdcard" id="0x7f02003b" />
    <public type="drawable" name="settings" id="0x7f02003c" />
    <public type="drawable" name="share" id="0x7f02003d" />
    <public type="drawable" name="star" id="0x7f02003e" />
    <public type="drawable" name="txt" id="0x7f02003f" />
    <public type="drawable" name="unknown" id="0x7f020040" />
    <public type="drawable" name="video" id="0x7f020041" />
    <public type="drawable" name="web" id="0x7f020042" />
    <public type="drawable" name="xls" id="0x7f020043" />
    <public type="layout" name="about" id="0x7f030000" />
    <public type="layout" name="features" id="0x7f030001" />
    <public type="layout" name="file_browser_item" id="0x7f030002" />
    <public type="layout" name="file_browser_item_large" id="0x7f030003" />
    <public type="layout" name="file_browser_main" id="0x7f030004" />
    <public type="layout" name="file_browser_main_large" id="0x7f030005" />
    <public type="layout" name="main" id="0x7f030006" />
    <public type="layout" name="main_large" id="0x7f030007" />
    <public type="layout" name="rename_file_dialog" id="0x7f030008" />
    <public type="xml" name="settings" id="0x7f040000" />
    <public type="xml" name="settings_browser" id="0x7f040001" />
    <public type="xml" name="settings_crypt" id="0x7f040002" />
    <public type="xml" name="settings_info" id="0x7f040003" />
    <public type="xml" name="settings_language" id="0x7f040004" />
    <public type="raw" name="gtm_analytics" id="0x7f050000" />
    <public type="string" name="common_android_wear_notification_needs_update_text" id="0x7f060000" />
    <public type="string" name="common_android_wear_update_text" id="0x7f060001" />
    <public type="string" name="common_android_wear_update_title" id="0x7f060002" />
    <public type="string" name="common_google_play_services_api_unavailable_text" id="0x7f060003" />
    <public type="string" name="common_google_play_services_enable_button" id="0x7f060004" />
    <public type="string" name="common_google_play_services_enable_text" id="0x7f060005" />
    <public type="string" name="common_google_play_services_enable_title" id="0x7f060006" />
    <public type="string" name="common_google_play_services_error_notification_requested_by_msg" id="0x7f060007" />
    <public type="string" name="common_google_play_services_install_button" id="0x7f060008" />
    <public type="string" name="common_google_play_services_install_text_phone" id="0x7f060009" />
    <public type="string" name="common_google_play_services_install_text_tablet" id="0x7f06000a" />
    <public type="string" name="common_google_play_services_install_title" id="0x7f06000b" />
    <public type="string" name="common_google_play_services_invalid_account_text" id="0x7f06000c" />
    <public type="string" name="common_google_play_services_invalid_account_title" id="0x7f06000d" />
    <public type="string" name="common_google_play_services_needs_enabling_title" id="0x7f06000e" />
    <public type="string" name="common_google_play_services_network_error_text" id="0x7f06000f" />
    <public type="string" name="common_google_play_services_network_error_title" id="0x7f060010" />
    <public type="string" name="common_google_play_services_notification_needs_update_title" id="0x7f060011" />
    <public type="string" name="common_google_play_services_notification_ticker" id="0x7f060012" />
    <public type="string" name="common_google_play_services_sign_in_failed_text" id="0x7f060013" />
    <public type="string" name="common_google_play_services_sign_in_failed_title" id="0x7f060014" />
    <public type="string" name="common_google_play_services_unknown_issue" id="0x7f060015" />
    <public type="string" name="common_google_play_services_unsupported_text" id="0x7f060016" />
    <public type="string" name="common_google_play_services_unsupported_title" id="0x7f060017" />
    <public type="string" name="common_google_play_services_update_button" id="0x7f060018" />
    <public type="string" name="common_google_play_services_update_text" id="0x7f060019" />
    <public type="string" name="common_google_play_services_update_title" id="0x7f06001a" />
    <public type="string" name="common_google_play_services_updating_text" id="0x7f06001b" />
    <public type="string" name="common_google_play_services_updating_title" id="0x7f06001c" />
    <public type="string" name="common_open_on_phone" id="0x7f06001d" />
    <public type="string" name="common_signin_button_text" id="0x7f06001e" />
    <public type="string" name="common_signin_button_text_long" id="0x7f06001f" />
    <public type="string" name="BrowserTitle" id="0x7f060020" />
    <public type="string" name="CryptTitle" id="0x7f060021" />
    <public type="string" name="DecryptionSucceeded" id="0x7f060022" />
    <public type="string" name="DirectoryDeleted" id="0x7f060023" />
    <public type="string" name="DirectoryNotDeleted" id="0x7f060024" />
    <public type="string" name="DirectorySize" id="0x7f060025" />
    <public type="string" name="EmptyFilesInDirectory" id="0x7f060026" />
    <public type="string" name="EncryptionSucceeded" id="0x7f060027" />
    <public type="string" name="ErrorDirectoryNoExists" id="0x7f060028" />
    <public type="string" name="ErrorFileIsDirectory" id="0x7f060029" />
    <public type="string" name="ErrorFileNoExists" id="0x7f06002a" />
    <public type="string" name="ErrorFileRenameFailed" id="0x7f06002b" />
    <public type="string" name="ErrorKeyFileTooLong" id="0x7f06002c" />
    <public type="string" name="ErrorKeyFileTooShort" id="0x7f06002d" />
    <public type="string" name="ErrorNoFileToSend" id="0x7f06002e" />
    <public type="string" name="ErrorNoFileToSendDirectory" id="0x7f06002f" />
    <public type="string" name="ErrorNoInputFile" id="0x7f060030" />
    <public type="string" name="ErrorPasswordEmpty" id="0x7f060031" />
    <public type="string" name="ErrorPasswordMismatch" id="0x7f060032" />
    <public type="string" name="ErrorPasswordTooLong" id="0x7f060033" />
    <public type="string" name="ErrorPasswordTooShort" id="0x7f060034" />
    <public type="string" name="FailDecryptingFile" id="0x7f060035" />
    <public type="string" name="FailDecryptionUnknown" id="0x7f060036" />
    <public type="string" name="FailEncryptingFile" id="0x7f060037" />
    <public type="string" name="FailEncryptionUnknown" id="0x7f060038" />
    <public type="string" name="FailFileBiggerThanMax" id="0x7f060039" />
    <public type="string" name="FailFileEmpty" id="0x7f06003a" />
    <public type="string" name="FailFileExists" id="0x7f06003b" />
    <public type="string" name="FailFileTooBig" id="0x7f06003c" />
    <public type="string" name="FailOpenInputFile" id="0x7f06003d" />
    <public type="string" name="FailOpenOutputDirectory" id="0x7f06003e" />
    <public type="string" name="FailOpenOutputFile" id="0x7f06003f" />
    <public type="string" name="FailUnregisteredApp" id="0x7f060040" />
    <public type="string" name="FailWrongEncryptionType" id="0x7f060041" />
    <public type="string" name="FailWrongFileFormat" id="0x7f060042" />
    <public type="string" name="FileDeleted" id="0x7f060043" />
    <public type="string" name="FileNotDeleted" id="0x7f060044" />
    <public type="string" name="FileSize" id="0x7f060045" />
    <public type="string" name="Icon" id="0x7f060046" />
    <public type="string" name="InformationTitle" id="0x7f060047" />
    <public type="string" name="LanguageTitle" id="0x7f060048" />
    <public type="string" name="MenuAbout" id="0x7f060049" />
    <public type="string" name="MenuDelete" id="0x7f06004a" />
    <public type="string" name="MenuDonate" id="0x7f06004b" />
    <public type="string" name="MenuErase" id="0x7f06004c" />
    <public type="string" name="MenuExit" id="0x7f06004d" />
    <public type="string" name="MenuFeatures" id="0x7f06004e" />
    <public type="string" name="MenuHome" id="0x7f06004f" />
    <public type="string" name="MenuReload" id="0x7f060050" />
    <public type="string" name="MenuSDCard" id="0x7f060051" />
    <public type="string" name="MenuSelect" id="0x7f060052" />
    <public type="string" name="MenuSettings" id="0x7f060053" />
    <public type="string" name="MenuShare" id="0x7f060054" />
    <public type="string" name="NoFilesInDirectory" id="0x7f060055" />
    <public type="string" name="NoticeChangedLanguage" id="0x7f060056" />
    <public type="string" name="NoticeCurrentlyProcessing" id="0x7f060057" />
    <public type="string" name="NoticeNoSelection" id="0x7f060058" />
    <public type="string" name="ReportTitle" id="0x7f060059" />
    <public type="string" name="SelectionDeleted" id="0x7f06005a" />
    <public type="string" name="SelectionNotDeleted" id="0x7f06005b" />
    <public type="string" name="SettingNotifyAction" id="0x7f06005c" />
    <public type="string" name="SettingNotifyActionSummary" id="0x7f06005d" />
    <public type="string" name="SettingsAllowRootAcces" id="0x7f06005e" />
    <public type="string" name="SettingsAllowRootAccesSummary" id="0x7f06005f" />
    <public type="string" name="SettingsAndroidVersion" id="0x7f060060" />
    <public type="string" name="SettingsBackButtonExits" id="0x7f060061" />
    <public type="string" name="SettingsBackButtonExitsSummary" id="0x7f060062" />
    <public type="string" name="SettingsCategoryCrypt" id="0x7f060063" />
    <public type="string" name="SettingsCategoryLang" id="0x7f060064" />
    <public type="string" name="SettingsCleartextPassword" id="0x7f060065" />
    <public type="string" name="SettingsCleartextPasswordSummary" id="0x7f060066" />
    <public type="string" name="SettingsCurrent" id="0x7f060067" />
    <public type="string" name="SettingsDecryptionDirectory" id="0x7f060068" />
    <public type="string" name="SettingsDecryptionDirectorySummary" id="0x7f060069" />
    <public type="string" name="SettingsDeleteOriginalFile" id="0x7f06006a" />
    <public type="string" name="SettingsDeleteOriginalFileSummary" id="0x7f06006b" />
    <public type="string" name="SettingsDonate" id="0x7f06006c" />
    <public type="string" name="SettingsDonateSummary" id="0x7f06006d" />
    <public type="string" name="SettingsEncryptionDirectory" id="0x7f06006e" />
    <public type="string" name="SettingsEncryptionDirectorySummary" id="0x7f06006f" />
    <public type="string" name="SettingsFullscreen" id="0x7f060070" />
    <public type="string" name="SettingsFullscreenSummary" id="0x7f060071" />
    <public type="string" name="SettingsKeyFile" id="0x7f060072" />
    <public type="string" name="SettingsKeyFileSummary" id="0x7f060073" />
    <public type="string" name="SettingsLanguageSelect" id="0x7f060074" />
    <public type="string" name="SettingsLanguageSelectSummary" id="0x7f060075" />
    <public type="string" name="SettingsModelNumber" id="0x7f060076" />
    <public type="string" name="SettingsOpenContextMenuOnTouch" id="0x7f060077" />
    <public type="string" name="SettingsOpenContextMenuOnTouchSummary" id="0x7f060078" />
    <public type="string" name="SettingsPersistentKeyFile" id="0x7f060079" />
    <public type="string" name="SettingsPersistentKeyFileSummary" id="0x7f06007a" />
    <public type="string" name="SettingsPointToOriginalFile" id="0x7f06007b" />
    <public type="string" name="SettingsPointToOriginalFileSummary" id="0x7f06007c" />
    <public type="string" name="SettingsRecursiveDelete" id="0x7f06007d" />
    <public type="string" name="SettingsRecursiveDeleteSummary" id="0x7f06007e" />
    <public type="string" name="SettingsSameDirectory" id="0x7f06007f" />
    <public type="string" name="SettingsSameDirectorySummary" id="0x7f060080" />
    <public type="string" name="SettingsSerialNumber" id="0x7f060081" />
    <public type="string" name="SettingsShowFullFilename" id="0x7f060082" />
    <public type="string" name="SettingsShowFullFilenameSummary" id="0x7f060083" />
    <public type="string" name="SettingsTitle" id="0x7f060084" />
    <public type="string" name="SettingsVersionNumber" id="0x7f060085" />
    <public type="string" name="ShareVia" id="0x7f060086" />
    <public type="string" name="TimeDecrypt" id="0x7f060087" />
    <public type="string" name="TimeEncrypt" id="0x7f060088" />
    <public type="string" name="btnCancelProcess" id="0x7f060089" />
    <public type="string" name="btnRunDecrypt" id="0x7f06008a" />
    <public type="string" name="btnRunEncrypt" id="0x7f06008b" />
    <public type="string" name="dlgMessageDelete" id="0x7f06008c" />
    <public type="string" name="dlgMessageNo" id="0x7f06008d" />
    <public type="string" name="dlgMessageTitleDelete" id="0x7f06008e" />
    <public type="string" name="dlgMessageTitleRename" id="0x7f06008f" />
    <public type="string" name="dlgMessageYes" id="0x7f060090" />
    <public type="string" name="dlgMessageYesDelete" id="0x7f060091" />
    <public type="string" name="dlgMessageYesRename" id="0x7f060092" />
    <public type="string" name="lblFileInput" id="0x7f060093" />
    <public type="string" name="lblPassword" id="0x7f060094" />
    <public type="string" name="lblPasswordCheck" id="0x7f060095" />
    <public type="string" name="pbDecryptingFile" id="0x7f060096" />
    <public type="string" name="pbEncryptingFile" id="0x7f060097" />
    <public type="string" name="pbProcessing" id="0x7f060098" />
    <public type="string" name="rbDecrypt" id="0x7f060099" />
    <public type="string" name="rbEncrypt" id="0x7f06009a" />
    <public type="string" name="ApplicationName" id="0x7f06009b" />
    <public type="string" name="accept" id="0x7f06009c" />
    <public type="string" name="auth_google_play_services_client_facebook_display_name" id="0x7f06009d" />
    <public type="string" name="auth_google_play_services_client_google_display_name" id="0x7f06009e" />
    <public type="string" name="banner_ad_unit_id" id="0x7f06009f" />
    <public type="string" name="create_calendar_message" id="0x7f0600a0" />
    <public type="string" name="create_calendar_title" id="0x7f0600a1" />
    <public type="string" name="decline" id="0x7f0600a2" />
    <public type="string" name="store_picture_message" id="0x7f0600a3" />
    <public type="string" name="store_picture_title" id="0x7f0600a4" />
    <public type="array" name="contextMenu" id="0x7f070000" />
    <public type="array" name="listArray" id="0x7f070001" />
    <public type="array" name="listValues" id="0x7f070002" />
    <public type="style" name="PreferencesTheme" id="0x7f080000" />
    <public type="style" name="Theme.Crypt4All.Float" id="0x7f080001" />
    <public type="style" name="Theme.Crypt4All.NoTitleBar" id="0x7f080002" />
    <public type="style" name="Button" id="0x7f080003" />
    <public type="style" name="PreferenceListHeader" id="0x7f080004" />
    <public type="style" name="Theme.IAPTheme" id="0x7f080005" />
    <public type="style" name="Widget.TextView.ListSeparator" id="0x7f080006" />
    <public type="style" name="listViewPrefs" id="0x7f080007" />
    <public type="color" name="black" id="0x7f090000" />
    <public type="color" name="common_action_bar_splitter" id="0x7f090001" />
    <public type="color" name="common_signin_btn_dark_text_default" id="0x7f090002" />
    <public type="color" name="common_signin_btn_dark_text_disabled" id="0x7f090003" />
    <public type="color" name="common_signin_btn_dark_text_focused" id="0x7f090004" />
    <public type="color" name="common_signin_btn_dark_text_pressed" id="0x7f090005" />
    <public type="color" name="common_signin_btn_default_background" id="0x7f090006" />
    <public type="color" name="common_signin_btn_light_text_default" id="0x7f090007" />
    <public type="color" name="common_signin_btn_light_text_disabled" id="0x7f090008" />
    <public type="color" name="common_signin_btn_light_text_focused" id="0x7f090009" />
    <public type="color" name="common_signin_btn_light_text_pressed" id="0x7f09000a" />
    <public type="color" name="dark_gray" id="0x7f09000b" />
    <public type="color" name="gray" id="0x7f09000c" />
    <public type="color" name="light_gray" id="0x7f09000d" />
    <public type="color" name="red" id="0x7f09000e" />
    <public type="color" name="white" id="0x7f09000f" />
    <public type="color" name="common_signin_btn_text_dark" id="0x7f090010" />
    <public type="color" name="common_signin_btn_text_light" id="0x7f090011" />
    <public type="integer" name="google_play_services_version" id="0x7f0a0000" />
    <public type="menu" name="menu" id="0x7f0b0000" />
    <public type="menu" name="menu_files" id="0x7f0b0001" />
    <public type="menu" name="menu_files_old" id="0x7f0b0002" />
    <public type="menu" name="menu_old" id="0x7f0b0003" />
    <public type="id" name="adjust_height" id="0x7f0c0000" />
    <public type="id" name="adjust_width" id="0x7f0c0001" />
    <public type="id" name="none" id="0x7f0c0002" />
    <public type="id" name="webView1" id="0x7f0c0003" />
    <public type="id" name="fileImage" id="0x7f0c0004" />
    <public type="id" name="fileName" id="0x7f0c0005" />
    <public type="id" name="fileDate" id="0x7f0c0006" />
    <public type="id" name="fileSize" id="0x7f0c0007" />
    <public type="id" name="adViewFileBrowser" id="0x7f0c0008" />
    <public type="id" name="textViewDirectoryPath" id="0x7f0c0009" />
    <public type="id" name="scrollView1" id="0x7f0c000a" />
    <public type="id" name="rgMode" id="0x7f0c000b" />
    <public type="id" name="rbEncrypt" id="0x7f0c000c" />
    <public type="id" name="rbDecrypt" id="0x7f0c000d" />
    <public type="id" name="adViewMain" id="0x7f0c000e" />
    <public type="id" name="TextOut" id="0x7f0c000f" />
    <public type="id" name="TextOutExtra" id="0x7f0c0010" />
    <public type="id" name="txtFileInputPath" id="0x7f0c0011" />
    <public type="id" name="btnDeleteFileInputPath" id="0x7f0c0012" />
    <public type="id" name="btnBrowseForFileDirectory" id="0x7f0c0013" />
    <public type="id" name="txtPassword" id="0x7f0c0014" />
    <public type="id" name="txtPasswordCheck" id="0x7f0c0015" />
    <public type="id" name="btnRun" id="0x7f0c0016" />
    <public type="id" name="txtRenameFilePath" id="0x7f0c0017" />
    <public type="id" name="btnShare" id="0x7f0c0018" />
    <public type="id" name="btnSettings" id="0x7f0c0019" />
    <public type="id" name="btnDonate" id="0x7f0c001a" />
    <public type="id" name="btnFeatures" id="0x7f0c001b" />
    <public type="id" name="btnAbout" id="0x7f0c001c" />
    <public type="id" name="btnExit" id="0x7f0c001d" />
    <public type="id" name="btnRefresh" id="0x7f0c001e" />
    <public type="id" name="btnSDCard" id="0x7f0c001f" />
    <public type="id" name="btnHome" id="0x7f0c0020" />
</resources>