<?xml version="1.0" encoding="utf-8"?>
<resources>
    <string name="app_name">Securitility</string>
    <string name="common_android_wear_notification_needs_update_text">%1$s requires an update to the Android Wear app.</string>
    <string name="common_android_wear_update_text">"%1$s won't run unless you update the Android Wear app."</string>
    <string name="common_android_wear_update_title">Update Android Wear</string>
    <string name="common_google_play_services_api_unavailable_text">%1$s requires one or more Google Play services that are not currently available. Please contact the developer for assistance.</string>
    <string name="common_google_play_services_enable_button">Enable Google Play services</string>
    <string name="common_google_play_services_enable_text">"%1$s won't work unless you enable Google Play services."</string>
    <string name="common_google_play_services_enable_title">Enable Google Play services</string>
    <string name="common_google_play_services_error_notification_requested_by_msg">Requested by %1$s</string>
    <string name="common_google_play_services_install_button">Get Google Play services</string>
    <string name="common_google_play_services_install_text_phone">"%1$s won't run without Google Play services, which are missing from your phone."</string>
    <string name="common_google_play_services_install_text_tablet">"%1$s won't run without Google Play services, which are missing from your tablet."</string>
    <string name="common_google_play_services_install_title">Get Google Play services</string>
    <string name="common_google_play_services_invalid_account_text">The specified account does not exist on this device. Please choose a different account.</string>
    <string name="common_google_play_services_invalid_account_title">Invalid Account</string>
    <string name="common_google_play_services_needs_enabling_title">An application requires Google Play services to be enabled.</string>
    <string name="common_google_play_services_network_error_text">A data connection is required to connect to Google Play services.</string>
    <string name="common_google_play_services_network_error_title">Network Error</string>
    <string name="common_google_play_services_notification_needs_update_title">An application requires an update for Google Play services.</string>
    <string name="common_google_play_services_notification_ticker">Google Play services error</string>
    <string name="common_google_play_services_sign_in_failed_text">Error signing in the specified account. Please choose a different account.</string>
    <string name="common_google_play_services_sign_in_failed_title">Sign in failed</string>
    <string name="common_google_play_services_unknown_issue">Unknown issue with Google Play services.</string>
    <string name="common_google_play_services_unsupported_text">%1$s relies on Google Play services, which is not supported by your device. Contact the manufacturer for assistance.</string>
    <string name="common_google_play_services_unsupported_title">Google Play services</string>
    <string name="common_google_play_services_update_button">Update</string>
    <string name="common_google_play_services_update_text">"%1$s won't run unless you update Google Play services."</string>
    <string name="common_google_play_services_update_title">Update Google Play services</string>
    <string name="common_google_play_services_updating_text">"%1$s won't run without Google Play services, which are currently updating."</string>
    <string name="common_google_play_services_updating_title">Google Play services are updating</string>
    <string name="common_open_on_phone">Open on phone</string>
    <string name="common_signin_button_text">Sign in</string>
    <string name="common_signin_button_text_long">Sign in with Google</string>
    <string name="BrowserTitle">File browser</string>
    <string name="CryptTitle">Encryption/decryption</string>
    <string name="DecryptionSucceeded">Decryption successful!</string>
    <string name="DirectoryDeleted">Directory deleted</string>
    <string name="DirectoryNotDeleted">Directory not deleted!</string>
    <string name="DirectorySize">Directory size (files)</string>
    <string name="EmptyFilesInDirectory">Only empty files in this directory</string>
    <string name="EncryptionSucceeded">Encryption successful!</string>
    <string name="ErrorDirectoryNoExists">Directory does not exist!</string>
    <string name="ErrorFileIsDirectory">You have chosen a directory not a file!</string>
    <string name="ErrorFileNoExists">File does not exist!</string>
    <string name="ErrorFileRenameFailed">Failed to rename file</string>
    <string name="ErrorKeyFileTooLong">Key file size is too big!</string>
    <string name="ErrorKeyFileTooShort">Key file size is too small!</string>
    <string name="ErrorNoFileToSend">File does not exist! No file to send/share.</string>
    <string name="ErrorNoFileToSendDirectory">"You have chosen a directory not a file! Can't send/share."</string>
    <string name="ErrorNoInputFile">No input file!</string>
    <string name="ErrorPasswordEmpty">Password empty!</string>
    <string name="ErrorPasswordMismatch">Passwords do not match!</string>
    <string name="ErrorPasswordTooLong">Password is too long!(max 1024 characters)</string>
    <string name="ErrorPasswordTooShort">Password is too short!(minimum 6 characters)</string>
    <string name="FailDecryptingFile">Failed to decrypt file</string>
    <string name="FailDecryptionUnknown">Decryption failed</string>
    <string name="FailEncryptingFile">Failed to encrypt file</string>
    <string name="FailEncryptionUnknown">Encryption failed</string>
    <string name="FailFileBiggerThanMax">File size is bigger than allowed</string>
    <string name="FailFileEmpty">File size is 0 bytes (empty file)</string>
    <string name="FailFileExists">File already exists!</string>
    <string name="FailFileTooBig">File size is too big!</string>
    <string name="FailOpenInputFile">Failed to open input file</string>
    <string name="FailOpenOutputDirectory">Failed to open output directory(not writable)</string>
    <string name="FailOpenOutputFile">Failed to open output file</string>
    <string name="FailUnregisteredApp">App is not registered!</string>
    <string name="FailWrongEncryptionType">Failed: Wrong encryption type</string>
    <string name="FailWrongFileFormat">Failed: Something wrong with file</string>
    <string name="FileDeleted">File deleted</string>
    <string name="FileNotDeleted">File not deleted!</string>
    <string name="FileSize">File size</string>
    <string name="Icon">icon</string>
    <string name="InformationTitle">Information</string>
    <string name="LanguageTitle">Language</string>
    <string name="MenuAbout">About</string>
    <string name="MenuDelete">Delete</string>
    <string name="MenuDonate">Donate</string>
    <string name="MenuErase">Secure erase</string>
    <string name="MenuExit">Exit</string>
    <string name="MenuFeatures">"What's new"</string>
    <string name="MenuHome">Home</string>
    <string name="MenuReload">Refresh</string>
    <string name="MenuSDCard">SD card</string>
    <string name="MenuSelect">Select</string>
    <string name="MenuSettings">Settings</string>
    <string name="MenuShare">Send</string>
    <string name="NoFilesInDirectory">There are no files in this directory</string>
    <string name="NoticeChangedLanguage">Language changed! Please restart the application</string>
    <string name="NoticeCurrentlyProcessing">Processing files. Please wait.</string>
    <string name="NoticeNoSelection">No selection</string>
    <string name="ReportTitle">Report</string>
    <string name="SelectionDeleted">Selection deleted</string>
    <string name="SelectionNotDeleted">Selection not deleted!</string>
    <string name="SettingNotifyAction">Action notify</string>
    <string name="SettingNotifyActionSummary">Notify (with light, vibration) when there is ongoing action (encryption/decryption)</string>
    <string name="SettingsAllowRootAcces">Root folder access</string>
    <string name="SettingsAllowRootAccesSummary">Enable access to root folders</string>
    <string name="SettingsAndroidVersion">Android version</string>
    <string name="SettingsBackButtonExits">Exit on back button</string>
    <string name="SettingsBackButtonExitsSummary">Pressing the back button will exit the application</string>
    <string name="SettingsCategoryCrypt">Encryption and decryption</string>
    <string name="SettingsCategoryLang">Language</string>
    <string name="SettingsCleartextPassword">Visible password</string>
    <string name="SettingsCleartextPasswordSummary">Password is visible (clear text)</string>
    <string name="SettingsCurrent">Set to</string>
    <string name="SettingsDecryptionDirectory">Decryption output directory</string>
    <string name="SettingsDecryptionDirectorySummary">"Files are decrypted into this directory, otherwise to the original file's directory. Set through internal file browser!"</string>
    <string name="SettingsDeleteOriginalFile">Secure erase of original</string>
    <string name="SettingsDeleteOriginalFileSummary">Original files are securely erased after encryption or decryption</string>
    <string name="SettingsDonate">Donate</string>
    <string name="SettingsDonateSummary">"With your donation you're supporting application development. Thank you!"</string>
    <string name="SettingsEncryptionDirectory">Encryption output directory (use file browser to set)</string>
    <string name="SettingsEncryptionDirectorySummary">"Files are encrypted into this directory, otherwise to the original file's directory. Set through internal file browser!"</string>
    <string name="SettingsFullscreen">Full screen</string>
    <string name="SettingsFullscreenSummary">Status bar is hidden. Restart required.</string>
    <string name="SettingsKeyFile">Key file path</string>
    <string name="SettingsKeyFileSummary">Key file path. Set through internal file browser!</string>
    <string name="SettingsLanguageSelect">Language selection</string>
    <string name="SettingsLanguageSelectSummary">After changing language, restart is required</string>
    <string name="SettingsModelNumber">Device model</string>
    <string name="SettingsOpenContextMenuOnTouch">Context menu</string>
    <string name="SettingsOpenContextMenuOnTouchSummary">Show context menu on file touch</string>
    <string name="SettingsPersistentKeyFile">Persistent key file</string>
    <string name="SettingsPersistentKeyFileSummary">Key file is not cleared on exit</string>
    <string name="SettingsPointToOriginalFile">Keep original file path</string>
    <string name="SettingsPointToOriginalFileSummary">File path and internal file browser will preserve the original file path after encryption or decryption</string>
    <string name="SettingsRecursiveDelete">Recursive delete</string>
    <string name="SettingsRecursiveDeleteSummary">Directory is deleted recursively, otherwise only first level of directory will be deleted</string>
    <string name="SettingsSameDirectory">Use same directory</string>
    <string name="SettingsSameDirectorySummary">Decryption output directory is same as encryption output directory</string>
    <string name="SettingsSerialNumber">Device ID</string>
    <string name="SettingsShowFullFilename">Full filenames</string>
    <string name="SettingsShowFullFilenameSummary">Always show full filenames even if not enough space</string>
    <string name="SettingsTitle">General</string>
    <string name="SettingsVersionNumber">Application version</string>
    <string name="ShareVia">Send</string>
    <string name="TimeDecrypt">Estimated decryption time</string>
    <string name="TimeEncrypt">Estimated encryption time</string>
    <string name="btnCancelProcess">Cancel</string>
    <string name="btnRunDecrypt">Decrypt</string>
    <string name="btnRunEncrypt">Encrypt</string>
    <string name="dlgMessageDelete">Are you sure you want to delete?</string>
    <string name="dlgMessageNo">No</string>
    <string name="dlgMessageTitleDelete">Delete</string>
    <string name="dlgMessageTitleRename">Rename</string>
    <string name="dlgMessageYes">Yes</string>
    <string name="dlgMessageYesDelete">Delete</string>
    <string name="dlgMessageYesRename">Rename</string>
    <string name="lblFileInput">File path</string>
    <string name="lblPassword">Password</string>
    <string name="lblPasswordCheck">Confirm password</string>
    <string name="pbDecryptingFile">Decrypting file …</string>
    <string name="pbEncryptingFile">Encrypting file …</string>
    <string name="pbProcessing">Processing …</string>
    <string name="rbDecrypt">Decrypt</string>
    <string name="rbEncrypt">Encrypt</string>
    <string name="ApplicationName">Crypt4All Lite</string>
    <string name="accept">Accept</string>
    <string name="auth_google_play_services_client_facebook_display_name">Facebook</string>
    <string name="auth_google_play_services_client_google_display_name">Google</string>
    <string name="banner_ad_unit_id">ca-app-pub-9888632163581304/2194944471</string>
    <string name="create_calendar_message">Allow Ad to create a calendar event?</string>
    <string name="create_calendar_title">Create calendar event</string>
    <string name="decline">Decline</string>
    <string name="store_picture_message">Allow Ad to store image in Picture gallery?</string>
    <string name="store_picture_title">Save image</string>
</resources>
