<?xml version="1.0" encoding="utf-8"?>
<resources>
    <style name="PreferencesTheme" parent="@android:style/Theme.Light">
        <item name="android:textColorSecondary">@color/white</item>
        <item name="android:windowBackground">@color/gray</item>
        <item name="android:listViewStyle">@style/listViewPrefs</item>
        <item name="android:textColor">@color/white</item>
        <item name="android:background">@color/gray</item>
        <item name="android:listSeparatorTextViewStyle">@style/PreferenceListHeader</item>
    </style>
    <style name="Theme.Crypt4All.Float" parent="@android:style/Theme.Light" />
    <style name="Theme.Crypt4All.NoTitleBar" parent="@android:style/Theme.Light" />
    <style name="Button">
        <item name="android:textSize">28.0sp</item>
        <item name="android:textStyle">bold</item>
        <item name="android:textColor">#ffffffff</item>
        <item name="android:gravity">center</item>
        <item name="android:layout_width">fill_parent</item>
        <item name="android:layout_height">wrap_content</item>
        <item name="android:shadowColor">#ff000000</item>
        <item name="android:shadowDx">1.0</item>
        <item name="android:shadowDy">1.0</item>
        <item name="android:shadowRadius">2.0</item>
    </style>
    <style name="PreferenceListHeader" parent="@style/Widget.TextView.ListSeparator">
        <item name="android:textStyle">bold</item>
        <item name="android:textColor">@color/white</item>
        <item name="android:background">@color/light_gray</item>
        <item name="android:paddingLeft">12.0dip</item>
        <item name="android:paddingTop">6.0dip</item>
        <item name="android:paddingBottom">6.0dip</item>
    </style>
    <style name="Theme.IAPTheme" parent="@android:style/Theme">
        <item name="android:windowBackground">@android:color/transparent</item>
        <item name="android:windowNoTitle">true</item>
        <item name="android:windowIsFloating">true</item>
        <item name="android:windowIsTranslucent">true</item>
        <item name="android:windowContentOverlay">@null</item>
        <item name="android:backgroundDimEnabled">false</item>
    </style>
    <style name="Widget.TextView.ListSeparator" parent="@android:style/Widget.TextView">
        <item name="android:gravity">center_vertical</item>
        <item name="android:layout_width">fill_parent</item>
        <item name="android:layout_height">wrap_content</item>
    </style>
    <style name="listViewPrefs" parent="@android:style/Widget.ListView">
        <item name="android:textColorSecondary">@color/white</item>
        <item name="android:textStyle">bold</item>
        <item name="android:textColor">@color/white</item>
        <item name="android:background">@color/gray</item>
    </style>
</resources>
