<?xml version="1.0" encoding="utf-8"?>
<selector
  xmlns:android="http://schemas.android.com/apk/res/android">
    <item android:state_pressed="true">
        <shape>
            <solid android:color="@color/light_gray" />
            <stroke android:width="1.0dip" android:color="@color/dark_gray" />
            <corners android:topLeftRadius="30.0dip" android:topRightRadius="30.0dip" android:bottomLeftRadius="30.0dip" android:bottomRightRadius="30.0dip" />
            <padding android:left="10.0dip" android:top="5.0dip" android:right="10.0dip" android:bottom="10.0dip" />
        </shape>
    </item>
    <item>
        <shape>
            <gradient android:startColor="@color/light_gray" android:endColor="@color/dark_gray" android:angle="270.0" />
            <stroke android:width="1.0dip" android:color="#ff171717" />
            <corners android:topLeftRadius="30.0dip" android:topRightRadius="30.0dip" android:bottomLeftRadius="30.0dip" android:bottomRightRadius="30.0dip" />
            <padding android:left="10.0dip" android:top="5.0dip" android:right="10.0dip" android:bottom="10.0dip" />
        </shape>
    </item>
</selector>